id	modularity_class
Empress Jitō	1
Emperor Tenji	1
Emperor Bidatsu	1
Emperor Tenmu	1
Emperor Kinmei	1
Emperor Yōzei	1
Emperor of Japan	1
Empress Suiko	1
International Court of Justice	0
International Criminal Court	0
China	0
International Criminal Tribunal for the former Yugoslavia	0
Atlantic Ocean	0
Edinburgh	11
British Columbia	3
England	11
Canadian Pacific Railway	3
Europe	0
American Civil War	4
Benjamin Disraeli	11
Federalism	0
Capitalism	5
British Empire	11
G. K. Chesterton	11
Encyclopædia Britannica	0
Chicago	4
George Bernard Shaw	11
Charles Dickens	11
H. G. Wells	11
Bertrand Russell	5
Conservatism	11
C. S. Lewis	11
Church of England	11
Anglicanism	2
And did those feet in ancient time	11
American Civil Liberties Union	4
Afghanistan	0
Franklin D. Roosevelt	4
Bill Clinton	4
Allen Ginsberg	4
Contras	4
Herbert Hoover	4
Arkansas	4
James Joyce	11
George H. W. Bush	4
Executive Order 9066	4
Henry Ford	4
Euro	0
Italy	0
Hungarian language	0
Aruba	0
European Commission	0
Arabic numerals	0
International Monetary Fund	0
CFA franc	0
Republic of Ireland	11
Council of the European Union	0
Bulgarian language	0
Belgium	0
Germany	0
Greek drachma	5
Greece	0
Finland	0
Federal Reserve System	4
Frankfurt	0
Bulgaria	0
Greek language	0
French Southern and Antarctic Lands	0
International Organization for Standardization	0
European Currency Unit	0
Euroscepticism	0
European Central Bank	0
Clipperton Island	0
Epsilon	0
ISO 4217	0
Cyprus	0
David D. Friedman	5
Economics	5
Friedrich Hayek	5
Adam Smith	5
Godzilla	3
Commodore International	7
Apple Inc.	7
General Motors	4
Amiga	7
Amiga 500	7
Coleco	7
Atari ST	7
General Electric	4
Atari	7
Electronics	7
Commodore 64	7
Amiga 1000	7
Doom (1993 video game)	7
Dalai Lama	0
Chinese language	0
Hindu	0
Himachal Pradesh	0
India	0
Central Asia	0
Fluid dynamics	5
CANDU reactor	3
Germanium	3
A.S. Roma	0
FIFA	0
AFC Ajax	0
Arsenal F.C.	0
Inter Milan	0
Chelsea F.C.	0
Serie A	0
Roman Britain	11
Bede	11
Honorius (emperor)	0
Hampshire	11
Cornwall	11
Angles	11
Alfred the Great	11
Hastings	11
Bolivia	0
Brazil	0
Houston	4
Inca Empire	0
Colombia	0
The World Factbook	0
Agnosticism	5
Bahá'í Faith	2
Christianity	2
Executive (government)	0
Amazon River	0
Chile	0
Andes	0
Agriculture	0
Ecuador	0
Colonialism	0
Francis Bacon	5
Guinea	0
Costa Rica	0
French Polynesia	0
Bengal	0
Bermuda	0
Frédéric Bastiat	5
Cameroon	0
General Agreement on Tariffs and Trade	0
Alexander the Great	0
Brunei	0
Immanuel Kant	5
American Revolutionary War	4
Algeria	0
Azores	0
Iceland	0
Great Famine (Ireland)	11
Charles Baudelaire	4
Cocos (Keeling) Islands	11
Imperialism	0
Cook Islands	0
Ainu people	1
Haiti	0
Belize	0
Hong Kong	0
Political freedom	5
Indonesia	0
Alaska	3
Hawaii	0
Hispaniola	0
Christmas Island	11
Ancient Egypt	0
Asia	0
Guadeloupe	0
Anguilla	0
Dominican Republic	0
Fiji	0
Greenland	0
Chad	0
Guam	0
Christopher Columbus	0
Gabon	0
El Salvador	0
Heard Island and McDonald Islands	0
Canary Islands	0
British Virgin Islands	0
Augustus	0
Botswana	0
Barbados	0
Bavaria	0
Henrik Ibsen	11
Goths	0
Czech Republic	0
Alliance '90/The Greens	0
Boii	0
Bohemia	0
Holy Roman Empire	0
BMW	4
Alps	0
Freikorps	0
Holland	0
Bamberg	0
Free Democratic Party (Germany)	0
Celts	0
Charlemagne	0
European Union	0
German Empire	0
Prince-elector	0
Ansbach	0
Albrecht Dürer	0
Franconia	0
Audi	0
Archbishop of Canterbury	11
Henry VIII of England	11
British Airways	4
Elizabeth I of England	11
IKEA	11
Docklands Light Railway	11
City of London	11
Premier League	0
Free software	7
GNU Lesser General Public License	7
GNU	7
Computer security	7
International Space Station	3
Eric S. Raymond	7
Apache HTTP Server	7
GNU Compiler Collection	7
BASIC	7
GIMP	7
Debian	7
Software	7
Hergé	1
Casablanca	0
Tao Te Ching	1
Edgar Allan Poe	11
Asterix	0
Chiang Kai-shek	1
Charlie Chaplin	4
Brussels	0
Andy Warhol	4
Ice hockey	4
Hypoxia (medical)	3
Carbon monoxide	3
Internet	7
Computer program	7
Internet Engineering Task Force	7
Columbia University	4
Cantor set	5
Constantine II of Scotland	11
Columba	11
British Isles	11
Iona	11
Dublin	11
Epistle to the Hebrews	2
Judaism	2
Eusebius	2
Epistle of James	2
David	2
Holy Spirit	2
Clement of Alexandria	2
Books of the Bible	2
Augustine of Hippo	2
Christology	2
Epistle to Philemon	2
Barnabas	2
European Space Agency	0
Infrared spectroscopy	3
Big Bang	3
Carbon	3
Hydrogen	3
Hipparchus	3
Archimedes	5
Chaldea	0
Athens	5
Hebrew calendar	2
Apparent magnitude	3
Alexandria	0
Indian Ocean	0
Eindhoven	0
Gdańsk	0
Belarus	0
Iron Age	0
Delft	11
Industrial Revolution	11
Barcelona	0
Alicante	0
Amsterdam	0
Aachen	0
Bordeaux	0
Liberal Party (UK)	11
English Civil War	11
Aberdeenshire	0
Battle of Waterloo	0
George Hamilton-Gordon, 4th Earl of Aberdeen	11
House of Lords	11
French language	0
Frederick William I of Prussia	0
Calvinism	2
Frederick William, Elector of Brandenburg	0
Berlin	0
House of Hohenzollern	0
Formula One	4
Chinese numerals	0
Bible	2
Ganges	0
Japan	1
Copenhagen	0
Association football	0
Anno Domini	0
Hamas	0
Human rights	0
Hezbollah	0
Gaza Strip	0
Auschwitz concentration camp	0
Damascus	0
Islamism	0
Garden of Eden	2
Antisemitism	0
Fatah	0
Black Death	0
Algiers	0
Helsinki	0
Cairo	0
Hamburg	0
Hanseatic League	0
Cologne	0
Plague (disease)	0
Baghdad	0
Constantinople	0
Great Plague of London	11
Florence	0
Black Sea	0
Cambrian	3
Devonian	3
Geologic time scale	3
Georg Cantor	5
Charles Sanders Peirce	5
Edmund Husserl	5
David Hilbert	5
Euclidean space	5
Aristotle	5
George Berkeley	5
Cardinality	5
Alternative medicine	3
Ericsson	7
International Telecommunication Union	0
Intel	7
Guglielmo Marconi	11
Internet Protocol	7
Dot-com bubble	7
GSM	0
Colorado	4
International Olympic Committee	0
Elvis Presley	4
Gulf Coast of the United States	0
Canadian Shield	3
Detroit	4
Hamilton, Ontario	4
Alberta	3
Illinois	4
Great Lakes	4
Free trade area	0
Bangladesh	0
Foreign relations of Belarus	0
Hinduism	0
Henry Kissinger	4
Ghana	0
International Red Cross and Red Crescent Movement	0
International Maritime Organization	0
Indira Gandhi	0
Honda	4
Bollywood	0
Asian Development Bank	0
Iran–Iraq War	0
International Atomic Energy Agency	0
East Pakistan	0
European Council	0
Foreign relations of Finland	0
Foreign relations of Cyprus	0
Danish language	0
Bali	0
Babur	0
Al-Qaeda	0
Foreign relations of Croatia	0
International Labour Organization	0
Geneva	0
Bastille Day	4
Immaculate Conception	2
First Vatican Council	2
Anglican Communion	2
Bernard of Clairvaux	2
Edward Gibbon	0
Council of Trent	2
Albertus Magnus	3
Baroque	0
Holy See	0
Italian language	0
Chinese cuisine	1
Cantonese cuisine	1
Food preservation	3
Confucius	1
Deng Xiaoping	1
History of China	1
Food and Agriculture Organization	0
Harmonic series (music)	7
Fourier analysis	7
Agatha Christie	11
Hercule Poirot	11
Cetus	2
East Caribbean dollar	0
Baltimore Orioles	4
Hit (baseball)	4
Atlanta Braves	4
Barry Bonds	4
Hank Aaron	4
Babe Ruth	4
Centers for Disease Control and Prevention	4
California	4
Electric charge	3
Baker Island	0
Alfonso V of Aragon	0
Albania	0
Afonso IV of Portugal	9
Homer	5
Enlil	5
International Astronomical Union	3
Hesiod	5
Eos	5
Diana (mythology)	5
Alpha	7
Earth	3
Cerberus	5
Blue	0
Isaac Newton	5
Green	0
Isaac Asimov	4
Central African Republic	0
Honduras	0
Caribbean Sea	0
Evangelicalism	2
Andalusia	0
Church (building)	0
Central America	0
Art Deco	4
Ethnologue	0
A. E. van Vogt	4
Extraterrestrial life	3
Harlan Ellison	4
Gene Roddenberry	4
Alfred Korzybski	4
Hugo Gernsback	4
Engineering	3
Cambridge, Massachusetts	4
DARPA	7
Food and Drug Administration	3
German cuisine	0
Baltic Sea	0
East Germany	0
Beer	0
Chocolate	0
French cuisine	4
French fries	0
Erfurt	0
Greek cuisine	0
Wikipedia:Status of FOLDOC import	7
Intel 8086	7
Industry Standard Architecture	7
Free On-line Dictionary of Computing	7
Grover Cleveland	4
Gottfried Wilhelm Leibniz	5
Fields Medal	4
Ammianus Marcellinus	0
Constantius II	2
Anatomy	3
Cell nucleus	3
Cell biology	3
Cretaceous	3
Amphibian	3
Arabic	0
Aswan	0
Forms of government	0
Covalent bond	3
Erwin Schrödinger	3
Frederick Soddy	3
Chemical bond	3
Chemical element	3
Beta decay	3
Chemical reaction	3
Brownian motion	3
Botany	3
Irving Langmuir	3
Alpha decay	3
Henry Moseley	3
Bose–Einstein condensate	3
Bohr model	3
Ferromagnetism	3
Atomic orbital	3
Helium	3
International Union of Pure and Applied Chemistry	3
Albert Einstein	3
Ernest Rutherford	3
Cauchy sequence	5
A	7
Hebrew alphabet	0
International Phonetic Alphabet	0
EBCDIC	7
ASCII	7
Great Vowel Shift	5
English Channel	11
Cornish language	11
Celtic languages	0
Isle of Wight	11
Francis Drake	11
Glorious Revolution	11
Channel Islands	11
Devon	11
Breton language	0
Channel Tunnel	0
Flanders	0
Guernsey	11
International Hydrographic Organization	0
Bronze Age	0
Dartmoor	11
House of Commons of the United Kingdom	11
Basel	0
Cape Town	0
Dar es Salaam	0
British Rail	11
Adelaide	11
Gothenburg	0
Gatling gun	7
Boer	0
Holocene	3
Anatolia	0
Holocene extinction	0
Bayer designation	3
Binary-coded decimal	7
Association for Computing Machinery	7
Donald Knuth	7
Analytical Engine	7
Integer	7
Hexadecimal	7
Charles Babbage	7
BeOS	7
IA-32	7
Compaq	7
Braille	7
Helen Keller	11
Physical cosmology	3
Copenhagen interpretation	3
David Deutsch	3
Falsifiability	5
EPR paradox	3
George Washington	4
Connecticut	4
Dartmouth College	4
Helsingør	0
French Revolution	4
Grammatical tense	0
Persian language	0
German language	0
Burkina Faso	0
Eurovision Song Contest	0
Germanic languages	0
Basque language	0
Baltic languages	0
Benin	0
Catalan language	0
Italic languages	0
Equatorial Guinea	0
Diacritic	0
Indo-European languages	0
Council of Europe	0
Comoros	0
Alfred Hitchcock	4
Alabama	4
Academy Awards	4
Erwin Rommel	11
Claude Auchinleck	11
Dmitri Shostakovich	4
Bernard Montgomery	11
Ariel Sharon	0
Density	3
Acoustics	3
Coriolis force	3
Boeing 747	4
Aerodynamics	5
Electromagnetism	3
Alphabet	0
Glagolitic alphabet	0
Hindi	0
Devanagari	0
Abugida	0
Character encoding	7
Abjad	0
Arabic alphabet	0
Aramaic alphabet	0
Cyrillic script	0
Egalitarianism	2
Conservative Judaism	2
Anarchism	5
Abraham	2
Individualism	5
Giovanni Boccaccio	5
Hecate	5
Aeschylus	5
Hermes	5
Parliament of the United Kingdom	11
Plurality voting system	0
Acropolis	5
Ankara	0
Central Powers	0
Bosnia and Herzegovina	0
Balkan Wars	0
Austria-Hungary	0
Crete	5
Gettysburg Address	4
Battle of Gettysburg	4
Abraham Lincoln	4
Emancipation Proclamation	4
Confederate States of America	4
First Lady of the United States	4
Book of Genesis	2
American Revolution	4
Buckminster Fuller	4
Chemistry	3
Ian McKellen	11
Cambridgeshire	11
Carl Linnaeus	3
Greenwich Village	4
British English	0
Esperanto	0
American English	4
Communication	0
Baruch Spinoza	5
Acts of the Apostles	2
Gospel of John	2
Heaven	2
Epistle to the Romans	2
Irenaeus	2
Gospel	2
Gospel of Luke	2
Gold	2
British thermal unit	3
Herodotus	5
Birmingham Small Arms Company	11
Ephrem the Syrian	2
Book of Exodus	2
Assyria	0
Eastern Orthodox Church	2
Easter	2
Diatessaron	2
Aramaic language	2
Armenian language	0
Gnosticism	2
Arianism	2
Coptic Orthodox Church of Alexandria	2
Book of Nehemiah	2
Book of Esther	2
Books of Chronicles	2
Book of Ezra	2
Apple II series	7
Apple I	7
BIOS	7
Hertz	7
Apple III	7
Apple II	7
Huldrych Zwingli	2
Aargau	0
Iconoclasm	2
Eucharist	2
Apostles' Creed	2
Gospel of Matthew	2
Dominican Order	2
Anabaptists	2
Classics	5
Hebrew language	2
Icon	2
Heinrich Hertz	3
Bonn	0
Electromagnetic radiation	3
Impact crater	3
International Electrotechnical Commission	0
Global Positioning System	7
International Bureau of Weights and Measures	0
Faroese language	0
Dravidian languages	0
Central processing unit	7
Advanced Encryption Standard	7
ITU-T	0
Functional programming	7
Carbon dioxide	3
Goddess	5
David Hume	5
Dianic Wicca	5
Claude Shannon	7
Data Encryption Standard	7
Chicago Bears	4
Ed Wood	11
Columbia River	3
City	4
David Thompson (explorer)	3
Douglas Hofstadter	5
Garry Kasparov	0
Bill Joy	7
Alan Turing	7
Frédéric Chopin	4
Daniel Dennett	5
Elie Wiesel	4
The Church of Jesus Christ of Latter-day Saints	2
Fyodor Dostoyevsky	5
City University of New York	4
Franz Kafka	5
Israeli settlement	0
Hungary	0
Hasidic Judaism	2
Barnard College	4
Hahn–Banach theorem	5
Biosphere	3
Challenger Deep	3
Ecosystem	0
Grammatical conjugation	0
Hittites	0
Altaic languages	0
Japanese language	0
Afroasiatic languages	0
Evliya Çelebi	0
Czech language	0
Indo-Iranian languages	0
Ferdinand de Saussure	0
Diamond	3
Antoine Lavoisier	3
Insulator (electricity)	3
Centaurus	3
Latin American Integration Association	0
International trade	0
Government Communications Headquarters	7
British Army	11
Enigma machine	7
European Convention on Human Rights	0
Bletchley Park	7
Admiralty	11
Basketball	4
Brandenburg	0
Germanic peoples	0
Christmas	2
Francis II, Holy Roman Emperor	0
Dune	0
Alemanni	0
Guangzhou	0
Fricative consonant	0
Book of Daniel	2
Hezekiah	2
Iran	0
Books of Kings	2
Galilee	2
Book of Proverbs	2
IBM Personal Computer	7
Halakha	2
Book of Jeremiah	2
Approximant consonant	0
Arabs	0
Azerbaijan	0
Euphrates	0
Guatemala City	0
Animism	0
Elephant	0
Gross domestic product	0
Aristophanes	5
Aegina	5
Euripides	5
Gilbert and Sullivan	11
Delphi	5
Hades	5
Hercules	5
Delian League	5
Heracles	5
Athenian democracy	5
Ahmad Shah Durrani	0
Indus River	0
Durrani Empire	0
Arabian Sea	0
Herat	0
Amu Darya	0
Aurangzeb	0
Croatia	0
Hamiltonian (quantum mechanics)	3
Feynman diagram	3
Berlin Wall	0
Giuseppe Verdi	4
Grand Guignol	4
Gylfaginning	5
Baldr	5
Fenrir	5
Frigg	5
Gesta Danorum	0
Capital punishment	0
First Council of Constantinople	2
First Epistle to the Corinthians	2
Eusebius of Nicomedia	2
Huns	0
Christadelphians	2
First Council of Nicaea	2
Athanasius of Alexandria	2
Æthelberht of Kent	11
Athanasian Creed	2
Battle of Jutland	11
Belfast	11
Channel 4	4
Books of Samuel	2
Book of Judges	2
History of ancient Israel and Judah	2
Book of Joshua	2
Bethlehem	2
Ark of the Covenant	2
Book of Ruth	2
Catalonia	0
Doris Day	4
Full Metal Jacket	4
Cult film	4
Alexander Fleming	0
Alexander III of Russia	0
Alexander II of Scotland	11
Aragonese language	0
Alexander III of Scotland	11
Hera	5
Hawaiian language	0
Estonian language	0
Aleksandr Solzhenitsyn	1
Alessandro Volta	3
Alexander of Aphrodisias	3
Alexander Graham Bell	11
Interlingua	0
Corsican language	0
Northrop F-5	7
AGM-65 Maverick	7
Conscription	0
DNA	3
Huffman coding	7
Digital signal processing	7
Emperor Nintoku	1
Emperor Richū	1
Emperor Ingyō	1
Emperor Kanmu	1
Aeneas	5
Carthage	0
Ennius	5
Hannibal	0
First Punic War	0
Ignatius of Antioch	2
Frequency	7
Bandwidth (signal processing)	7
Frequency modulation	7
JavaScript	7
Deforestation	0
Convention on Biological Diversity	0
Basel Convention	0
CITES	0
Ecumenical council	2
Christendom	2
Council of Constance	2
Cardinal (Catholicism)	2
Fourth Council of the Lateran	2
Canon law	2
Council of Chalcedon	2
Intergovernmental Panel on Climate Change	0
International Council for Science	3
Bayesian probability	5
Frank Herbert	4
H. R. Giger	4
David Lynch	4
David Bowie	4
Dada	4
Donald Rumsfeld	4
Dwight D. Eisenhower	4
American Airlines Flight 77	4
Fox News Channel	3
Douglas Engelbart	7
Baudot code	7
Book of Job	2
The Trial	5
Druze	0
George Frideric Handel	11
Ecclesiastes	2
Christ	2
Edwin Howard Armstrong	4
Bing Crosby	4
Amplifier	7
Frederik Pohl	4
Futurians	4
Angola	0
Guinea-Bissau	0
Carina (constellation)	3
Carolina Panthers	4
Fantastic Four	3
Coca-Cola	0
Game Boy Advance	7
DC Comics	4
Iodine	3
Ammonia	3
Chlorine	3
Detroit Red Wings	4
Handheld game console	7
Game Boy Color	7
Alchemy	3
Historicism	2
Fire (classical element)	5
Earth (classical element)	5
Charles I of England	11
Indian religions	0
Empedocles	5
Water (classical element)	5
Avicenna	3
Air (classical element)	5
Diocletian	0
Artemis	5
Iron	3
C (programming language)	7
Anatoly Karpov	0
BASE jumping	3
Falklands War	7
Hans Christian Andersen	11
Chrysler	4
C. S. Forester	0
Alain Connes	4
Bauhaus	0
Doctor Who	11
Communist Party of China	1
Hawker Siddeley Harrier	7
Governor-General of Australia	11
Francisco Franco	0
Eleanor of Aquitaine	0
Book of Mormon	2
Chechnya	0
Francis Ford Coppola	4
Aircraft hijacking	4
Attila	0
Dungeons &amp; Dragons	11
Francis Xavier	0
Elba	0
Broadway (Manhattan)	4
Declaration of Arbroath	11
ABBA	0
Arthur Wellesley, 1st Duke of Wellington	11
Alaric I	0
Alexios I Komnenos	0
Civilian Conservation Corps	4
Colin Powell	4
Black Sabbath	4
Howard Hughes	4
Bornholm	0
Emperor Jimmu	1
Concorde	4
Frank Lloyd Wright	4
Haryana	0
Aleister Crowley	5
COBOL	7
Cleveland Indians	4
Aegean Sea	0
Grace Hopper	7
Dualism	2
Demeter	5
Apiales	3
Apiaceae	3
Ice skating	0
Gambling	0
Effects unit	4
Eric Clapton	4
Electric guitar	4
Bass guitar	4
Frank Zappa	4
Dayton, Ohio	4
Baku	0
Cellulose	3
Grape	2
Electricity	3
Industry	0
Fruit	2
Ecology	3
Idealism	5
Electromagnetic spectrum	3
Developmental biology	3
Evolution	3
DDT	3
Hippocrates	3
Ethology	3
Ernst Haeckel	3
Controlled Substances Act	3
MDMA	3
Cognitive behavioral therapy	3
Cyclic adenosine monophosphate	3
Continental Europe	0
Chemical equilibrium	3
Denaturation (biochemistry)	3
Epistle to the Philippians	2
Epistle to the Ephesians	2
Bantu languages	0
Hausa language	0
Emperor Saga	1
Brian Kernighan	7
Dennis Ritchie	7
Fortran	7
AWK	7
Computer science	7
Brahui language	0
Abdur Rahman Khan	0
IP address	7
Dynamic Host Configuration Protocol	7
Internet protocol suite	7
Gospel of Mark	2
Elijah	2
Book of Revelation	2
Domitian	2
Human sexual activity	4
Film editing	4
James Cameron	4
George Lucas	4
Blade Runner	4
Cable television	4
Britney Spears	4
Gautama Buddha	0
Anthony the Great	2
Cicero	5
Albanians	0
Wu Xing	0
Anaximenes of Miletus	5
Heraclitus	5
Democritus	5
Anaximander	5
Fundamental interaction	3
Galen	3
Flag of Europe	0
European Broadcasting Union	0
Fontainebleau	4
European Economic Community	0
Greenpeace	0
European Parliament	0
European Coal and Steel Community	0
Eiffel Tower	4
FAQ	7
Domain Name System	7
ICANN	7
Atlantis	0
James Bond	7
August Derleth	11
Cathode ray tube	3
Electron microscope	3
Aberdeen	0
Dundee	0
Greenwich Mean Time	11
Heathrow Airport	4
Afonso II of Portugal	9
Alfonso II of Asturias	0
Cardiology	3
Indianapolis Colts	4
Claudius	0
Ambrose	2
Beltane	11
Asteroid	3
Australian English	11
Idaho	3
Hoover Dam	4
Heinrich Schliemann	5
Blaise Pascal	5
Ada Lovelace	7
Computational complexity theory	7
Atari 5200	7
Atari 7800	7
Atari 2600	7
Intellivision	7
Federal Aviation Administration	4
Chinese calendar	0
Boötes	5
Far East	0
Argo Navis	3
Crux	3
Altair	3
Book of Ezekiel	2
Alfred Nobel	0
Bluetooth	7
American Sign Language	0
Cape Breton Island	11
Bayonne	0
APL (programming language)	7
Edwin Hubble	3
David Brewster	7
Carl Sagan	3
Humphry Davy	3
Denis Diderot	5
Genitive case	0
Accusative case	0
History of science	3
Friedrich Wöhler	3
Damascus steel	3
Francis Crick	3
Benjamin Franklin	4
Gregor Mendel	3
Darwinism	3
Historiography	5
Series (mathematics)	5
Charles Lyell	3
Apollo 8	3
History of India	0
Franz Boas	4
Euclid	5
Contract bridge	0
DNA replication	3
Cell (biology)	3
Internet Explorer	7
HTML	7
Java applet	7
Einhard	0
Hadrian	0
Canonization	2
Carboniferous	11
High German languages	0
Black Forest	0
Hermann Hesse	5
Eocene	3
Calvin Coolidge	4
House of Habsburg	0
History of the Americas	0
Antigua and Barbuda	0
Aluminium	3
Haber process	3
Gilbert N. Lewis	3
Deuterium	3
Electronvolt	3
Anubis	5
Canidae	3
Abydos, Egypt	0
Apuleius	5
British Museum	0
André Weil	4
Alexander Grothendieck	4
Alpha Centauri	3
Allah	2
Columbus, Ohio	4
Czechoslovakia	0
Isle of Man	11
Cheers	4
Frasier	4
Gerard Manley Hopkins	11
County Dublin	11
Beowulf	11
Boston Red Sox	4
Immigration to the United States	4
GIF	7
Baptists	2
Cotton Mather	4
Battle of Stalingrad	0
Hermann Göring	0
Alfonso XIII of Spain	9
Django Reinhardt	4
Colorado Springs, Colorado	4
Fort Collins, Colorado	4
Geology	3
Claudius Aelianus	5
Anaxagoras	5
Epicurus	5
Friedrich Nietzsche	5
Apollo program	3
Desertification	0
Dr. Strangelove	4
Antonio Vivaldi	0
Ezekiel	2
Isaiah	2
Epistle to Titus	2
Ephesus	2
Epistle to the Galatians	2
Berkeley, California	7
Groucho Marx	4
Dante Alighieri	5
Ernst Mayr	3
The Canterbury Tales	5
Ayn Rand	5
Ancient philosophy	5
Geoffrey Chaucer	5
Apostolic succession	2
Brasília	0
Hanover	0
Corinth	5
Gdynia	0
Bursa	0
Book of Common Prayer	11
Commonwealth of England	11
Edward VI of England	11
Anointing of the Sick	2
Baptism	2
Daniel Defoe	11
Emperor Shōmu	1
Empress Genshō	1
Fujiwara clan	1
Empress Kōken	1
Cladistics	3
Dinosaur	3
Folklore	3
Bioinformatics	3
Common descent	3
American National Standards Institute	7
Field-programmable gate array	7
Entropy (information theory)	7
Kolmogorov complexity	7
Balkans	0
Ann Arbor, Michigan	4
Howitzer	0
Army	0
Artillery	0
Edna St. Vincent Millay	5
African National Congress	0
Gini coefficient	0
Afrikaans	0
Distillation	3
Dead Sea	2
Four Noble Truths	0
God Save the Queen	11
International Mathematical Union	4
Bear	3
Conan the Barbarian	11
Arnold Schwarzenegger	4
H. P. Lovecraft	11
Cthulhu Mythos	11
GURPS	11
Clark Ashton Smith	11
Bambara language	0
HIV	3
Eris (mythology)	5
Aphrodite	5
Achaeans (Homer)	5
Hephaestus	5
Ares	5
Achilles	5
Erinyes	5
Athena	5
Hank Greenberg	4
Constantine the Great	2
Constantine II (emperor)	2
A. J. Ayer	5
Epistemology	5
Frederick Copleston	5
George Orwell	11
Arcadius	0
Aaron	2
Book of Numbers	2
Isaac	2
Digital data	7
Colossus computer	7
History of computing hardware	7
Iowa State University	4
Call of Cthulhu (role-playing game)	11
Alhazen	5
Andorra	0
Federated States of Micronesia	0
Cayman Islands	0
History of Germany	0
Hobart	11
Boxing Day	0
Australian rules football	11
Australian Broadcasting Corporation	11
Georgian architecture	11
Imhotep	3
Arizona Cardinals	4
American Football League	4
Arizona Diamondbacks	4
Denver Broncos	4
Houston Texans	4
Honolulu	3
Green Bay Packers	4
Dallas Cowboys	4
John Stuart Mill	5
Acropolis of Athens	5
Electrical engineering	3
Civil engineering	0
Communist Party of the Soviet Union	1
Planned economy	5
Constitutional monarchy	0
Bolsheviks	1
Cuban Missile Crisis	4
Bodmin	11
Henry VII of England	11
Bodmin Moor	11
Central Europe	0
Area	0
Benelux	0
Common Lisp	7
American Airlines	4
Digital Equipment Corporation	7
Cyc	7
Ada (programming language)	7
Compiler	7
Europa Island	0
Intelsat	3
Bassas da India	0
Ajaccio	0
Glorioso Islands	0
Anime	1
History of France	0
International Civil Aviation Organization	0
Prince Eugene of Savoy	0
Electronegativity	3
Claude Louis Berthollet	3
Imam	0
Dharma	0
Confucianism	1
E	0
Charge-coupled device	3
Gopher (protocol)	7
Black Hand (Serbia)	0
Gavrilo Princip	0
Intel 8088	7
Parallel ATA	7
Floppy disk	7
Extended Industry Standard Architecture	7
Intel 80286	7
Ithaca, New York	4
Cleveland	4
Ivy League	4
Ithaca College	4
Erie Canal	4
Buffalo, New York	4
Finger Lakes	4
Islamic calendar	0
AK-47	0
Federal Bureau of Investigation	4
Akkadian Empire	0
Hammurabi	0
Dahomey	0
BCS theory	3
Ahmad Shah Massoud	0
Burhanuddin Rabbani	0
Abdul Rashid Dostum	0
Citizen Kane	4
Cahiers du cinéma	4
Ingmar Bergman	4
François Truffaut	4
Cecil B. DeMille	4
Brian De Palma	4
Governor of New York	4
Dziga Vertov	4
Gioachino Rossini	4
American Film Institute	4
D. W. Griffith	4
Auguste and Louis Lumière	0
Frank Capra	4
Fritz Lang	4
Akira Kurosawa	4
DEC Alpha	7
Logical disjunction	7
Itanium	7
El Niño	0
Albert Schweitzer	0
Andrei Tarkovsky	4
Anton Chekhov	11
Iberian Peninsula	0
Constitution of Canada	11
Articles of Confederation	4
Andhra Pradesh	0
Galicia (Spain)	0
Documentary film	0
Gustave Flaubert	11
Enniskillen	11
County Fermanagh	11
Coronation Street	11
Irish mythology	11
David Ricardo	5
Harwich	11
Edmund Spenser	11
Gerolamo Cardano	5
Andrew Johnson	4
Lockheed C-130 Hercules	7
The Bronx	4
Charles Evans Hughes	4
Hunter College	4
Dutch West India Company	0
Amerigo Vespucci	0
Advance Australia Fair	11
Book of Jonah	2
Book of Micah	2
Book of Obadiah	2
Docetism	2
ISO 8601	0
Giovanni Pierluigi da Palestrina	2
Entscheidungsproblem	7
Fibonacci number	7
Herbert A. Simon	7
Chordate	3
Catullus	5
Horace	5
German literature	5
Christopher Marlowe	11
Golden Gate Bridge	4
Education	0
Chaos theory	5
Friesland	0
Flag of the United States	4
Don Quixote	5
Emma Goldman	5
Anarcho-capitalism	5
Hedonism	5
Hudson's Bay Company	3
Felidae	3
Double bass	4
Drum kit	4
Elvis Costello	4
Hawkwind	4
FIFA World Cup	0
England national football team	0
Imbolc	11
Hausdorff space	5
Galois group	7
Cushitic languages	0
Grammatical case	0
Isidore of Seville	2
Augustine of Canterbury	2
Gregory of Nazianzus	2
Alcuin	11
Empress Kōgyoku	1
Evil Dead II	4
Army of Darkness	4
Gary, Indiana	4
Imperial units	0
Conversion of units	3
Fahrenheit	0
Brown University	4
Actinopterygii	3
Histology	3
Heinrich Himmler	0
Albert Speer	0
Final Solution	0
Gestapo	0
Kingdom of Essex	11
Fenway Park	4
Chicago White Sox	4
Colorado Rockies	4
Cincinnati Reds	4
Chicago Cubs	4
National Baseball Hall of Fame and Museum	4
Budweiser	0
Boston Herald	4
Archimedean solid	5
E. O. Wilson	3
Alfred Russel Wallace	3
Erasmus Darwin	3
Carl Friedrich Gauss	7
Governor of New South Wales	11
Helvetii	0
Burgundians	0
Country	0
Augustin-Jean Fresnel	3
Fritz Leiber	11
Calculus	5
Bank of England	11
Church of the Holy Sepulchre	2
Blue Öyster Cult	4
Heavy metal music	4
Ice-T	4
Fleetwood Mac	4
Electric Light Orchestra	4
Inflation (cosmology)	3
General relativity	5
Astronomical unit	3
Christopher Guest	4
Billy Crystal	4
Bigfoot	3
Empiricism	5
Ceuta	0
Etruscan language	0
Book of Deuteronomy	2
Chuck Yeager	4
Distinguished Service Medal (U.S. Army)	4
McDonnell Douglas F-4 Phantom II	7
Bronze Star Medal	4
McDonnell Douglas F-15 Eagle	7
Boeing B-17 Flying Fortress	4
General Dynamics F-16 Fighting Falcon	7
Gordon Brown	11
Insurance	0
Austroasiatic languages	0
Khmer language	0
D	7
G	7
F	7
H	0
Field (mathematics)	7
Cauchy–Riemann equations	5
A. E. Housman	5
Humvee	0
Diplomatic mission	0
Infantry	11
Antarctic	0
Adenosine triphosphate	3
AOL	7
Common Era	0
Bodhisattva	0
Ashoka	0
Wikipedia:Complete list of encyclopedia topics (obsolete)	6
Atlanta	4
Choctaw	4
Andrew Jackson	4
Ethernet	7
Bill Gates	7
Data compression	7
The Bahamas	0
Corporation	11
Acts of Union 1707	11
Bermuda Triangle	0
Arthur Miller	11
Ghent	0
Hamlet	11
Boeing 767	4
Internet Control Message Protocol	7
B. F. Skinner	4
Ammon	2
Ahab	2
Canadian English	3
Alban Berg	4
Chief of Naval Operations	4
Black people	0
Constitution	11
Democracy	0
Fortaleza	0
Tertiary sector of the economy	0
Balts	0
Adam of Bremen	0
Fundamental theorem of arithmetic	7
Euclidean algorithm	7
Fulham F.C.	0
Garbage collection (computer science)	7
Frisian languages	0
Frisians	0
History of Europe	0
Charles Martel	0
Cimbri	0
History of Islam	0
Great Pyramid of Giza	0
Hadith	2
Afonso de Albuquerque	0
Borneo	0
Almoravid dynasty	0
Abu Bakr	0
Bayezid I	0
Intel 8080	7
Bus (computing)	7
Benoit Mandelbrot	5
Garrison Keillor	4
Edgar Rice Burroughs	3
Babylon 5	7
Guitar	4
Folk music	0
Country music	4
Calcium	3
Glucose	3
Emperor Keikō	1
Combustion	3
Aries (constellation)	2
Capricornus	2
Aquarius (constellation)	2
Carl Menger	5
Austrian School	5
Francisco Goya	0
Carl von Clausewitz	5
Abner Doubleday	4
Gary Snyder	4
Guy de Maupassant	5
Arthur Schopenhauer	5
Isaac Bashevis Singer	5
Climate	0
Barry Goldwater	4
Chemotherapy	3
Down syndrome	3
Church–Turing thesis	7
Inquisition	2
Anthony Hopkins	11
Arizona State University	3
Impressionism	4
Édouard Manet	4
Claude Debussy	4
Auguste Rodin	4
Berthe Morisot	4
Camille Pissarro	4
Erik Satie	4
Claude Monet	4
Diesel engine	4
Electrochemistry	3
Finno-Ugric languages	0
Anthropology	3
HyperCard	7
Electric current	3
Amplitude modulation	7
Boolean algebra (structure)	5
Bruce Perens	7
Infrared	3
AIM-120 AMRAAM	7
Lockheed Martin F-35 Lightning II	7
Aarhus	0
DNA ligase	3
California Institute of Technology	3
Intel 80486	7
Intel 80386	7
Andrew Carnegie	2
Country code	0
George Harrison	4
Buddy Holly	4
Frank Sinatra	4
Chet Atkins	4
Book of Habakkuk	2
Gian Lorenzo Bernini	11
Braveheart	11
Irish Republican Army (1917–22)	11
Fianna Fáil	11
Fine Gael	11
Easter Rising	11
Irish Civil War	11
Armoured fighting vehicle	0
Irish diaspora	11
Bram Stoker	11
Jonathan Swift	11
Dracula	11
Feudalism	5
Austin, Texas	7
Ben Bova	4
Buckingham Palace	11
Dorians	5
FA Cup	0
Andrew S. Tanenbaum	7
Denver	4
Wikipedia:Building Wikipedia membership	7
Detective fiction	11
Diffraction	3
Interference (wave propagation)	3
Catharism	2
Hildegard of Bingen	2
Abbot	2
Holy Grail	0
Chomsky hierarchy	8
Dolly Parton	4
Cloning	3
Continuous function	5
Banach space	5
Compact space	5
Epistle to the Colossians	2
Book of Zechariah	2
First Epistle to the Thessalonians	2
Book of Haggai	2
Apocrypha	2
Book of Hosea	2
Book of Lamentations	2
Book of Isaiah	2
First Epistle of Peter	2
Book of Amos	2
Epistle of Jude	2
Book of Malachi	2
Code of Hammurabi	0
Book of Joel	2
Book of Zephaniah	2
Henry the Fowler	0
Concordat of Worms	11
Politics of Germany	0
Georg Wilhelm Friedrich Hegel	5
Hohenstaufen	0
Divine right of kings	11
Integrated development environment	7
Bombardier Inc.	11
Adalbert of Prague	0
Southeast Alaska	3
Creation myth	2
Greek fire	0
Heckler &amp; Koch MP5	4
Endocrine system	3
Endocrinology	3
Antioxidant	3
Insulin	3
Delaware	4
Hector	5
Deism	4
Edmund Burke	5
East Berlin	0
Symphony No. 9 (Beethoven)	0
BIND	7
Death	2
General Conference on Weights and Measures	0
Alliance of Liberals and Democrats for Europe Party	0
Amazing Grace	2
Australian Capital Territory	11
Carl Barks	4
Astrobiology	3
Biochemistry	3
Fermi paradox	3
Al Capone	4
Chinese remainder theorem	7
Euclidean geometry	5
Integral	5
African Americans	4
Frederick Douglass	4
Doctrine and Covenants	2
Cyril of Jerusalem	2
Antibody	3
Genetic disorder	3
Heredity	3
IEEE 802.11	7
Hypertext Transfer Protocol	7
Graphical user interface	7
Cereal	0
Berber languages	0
Enrico Fermi	3
Fascism	0
Ig Nobel Prize	4
Acceleration	3
Genetics	3
Drosophila	3
Genetic engineering	3
Gone with the Wind	4
The Birth of a Nation	4
Diagnostic and Statistical Manual of Mental Disorders	3
Herman Melville	2
Gulag	0
Banach algebra	5
Board of directors	7
Agrippina the Elder	0
Roman censor	0
Galatia	0
Caligula	0
Agrippina the Younger	0
Germanicus	0
Battle of Actium	0
IPv6	7
Common Gateway Interface	7
Integrated Services Digital Network	0
BT Group	11
Cardiff	11
Epictetus	5
David Mamet	4
Ethics	5
Golgi apparatus	3
Enterobacteriaceae	3
Gram-negative bacteria	3
Harappa	0
Amitabh Bachchan	0
Goidelic languages	11
Hebrides	11
Cuisine of the United States	4
Gaussian elimination	7
B-tree	7
Absalom	2
Deus Ex	4
Henry Fielding	11
Charlotte Brontë	11
Animal Farm	11
Aldous Huxley	11
Dylan Thomas	11
Henry I of England	11
Ernest Hemingway	4
Film noir	4
Ester	3
Amide	3
Edo	1
B (programming language)	7
David Fincher	4
Gilgamesh	5
Eurystheus	5
Afonso VI of Portugal	9
CD-R	7
Burroughs Corporation	7
Dr. Dre	4
Blizzard Entertainment	7
George R. R. Martin	11
A Song of Ice and Fire	11
Henri Bergson	5
Computer multitasking	7
Chess	0
DirectX	7
Granite	0
Doppler effect	4
Elementary particle	3
Eurostar	0
Chinese philosophy	1
Chinese historiography	1
Edward Elgar	11
Second Polish Republic	0
Hernán Cortés	0
Cygwin	7
Hydropower	0
Apollo 11	3
Dual polyhedron	5
Eugene Wigner	3
Hanukkah	2
George Mason University	5
Arthur Eddington	5
Computer memory	7
French Foreign Legion	0
Finnish Civil War	0
Continuation War	0
Gulf of Finland	0
Finnish Defence Forces	0
Digital television	11
Primary sector of the economy	0
Auto racing	4
Bugatti	4
Australian Army	11
Infantry fighting vehicle	11
Darwin, Northern Territory	11
Aesthetics	5
Daedalus	5
Gustav Kirchhoff	3
Herman Hollerith	7
Calvin and Hobbes	4
Bill Watterson	4
Chuck Jones	4
Halloween	2
Doonesbury	4
Catherine of Aragon	11
Battle of Bosworth Field	11
Battle of Agincourt	11
Canadian Radio-television and Telecommunications Commission	3
List of Byzantine emperors	0
Cenozoic	3
Gestation	3
Giordano Bruno	2
David Cronenberg	4
Blue Velvet (film)	4
Abel Tasman	0
Gigabyte	7
Counties of Ireland	11
Common law	11
Clement Attlee	11
Louis Mountbatten, 1st Earl Mountbatten of Burma	11
Amazons	5
Apollo	5
Ivanhoe	11
Harry Shearer	4
Garry Trudeau	4
Antimony	3
Europium	3
Boron	3
Arsenic	3
Diego Garcia	0
Bipolar disorder	3
Congregationalist polity	2
Graph theory	3
Gödel's completeness theorem	7
Howland Island	0
Atlanta Falcons	4
Buffalo Bills	4
Baltimore Ravens	4
Detroit Lions	4
Cleveland Browns	4
Cincinnati Bengals	4
Asgard	5
Grímnismál	5
Esther	2
Chlamydia infection	4
Grammar	0
Ediacaran	3
German Navy	0
Convention (norm)	0
Analysis of algorithms	7
Anti-Ballistic Missile Treaty	4
Colette	4
The Alan Parsons Project	4
Espionage	0
Battle of the Nile	0
Chuck D	4
Cheshire	11
Grateful Dead	4
Hafizullah Amin	0
Charlize Theron	4
Cordwainer Smith	4
Edsger W. Dijkstra	7
Beastie Boys	4
Harold Holt	11
Chalcolithic	0
Fat Man	11
Brigham Young	2
Halle Berry	4
Dr. Seuss	4
Filippo Tommaso Marinetti	0
ANSI C	7
Andrew Wiles	4
Freeman Dyson	3
American Football Conference	4
Cyberpunk	4
Bruce Sterling	4
Ghost in the Shell	4
Albert Camus	5
The Ashes	11
Douglas Adams	11
Diego Maradona	0
Geoff Hurst	0
Bobby Charlton	0
George Eliot	5
John Woo	4
Batman (1989 film)	4
Chariots of Fire	4
Computer animation	7
Federico Fellini	4
Humphrey Bogart	4
Godzilla (1954 film)	3
Gallium	0
Francium	3
Caesium	3
The Beach Boys	4
Giuseppe Peano	5
Complex number	5
Aeacus	5
IPv4	7
Armored car (military)	0
Arc de Triomphe	4
Davenport, Iowa	4
Major depressive disorder	3
Andrei Sakharov	0
G. E. Moore	5
Automated theorem proving	7
Albinism	3
Gauss (unit)	7
Intel 80186	7
Fighter aircraft	7
Bundestag	0
Gough Whitlam	11
Bob Hawke	11
Australian Labor Party	11
Detroit Tigers	4
Devo	4
BCPL	7
Electronic music	4
Bulletin board system	7
Ellis Island	4
European Charter for Regional or Minority Languages	0
Dardanelles	0
Enhanced Data Rates for GSM Evolution	7
International Brigades	0
Currency	0
Charles Mingus	4
Henry Rollins	4
Jazz	4
Dave Brubeck	4
Evolutionary psychology	5
Arctic fox	3
Carnivora	3
Electronic oscillator	4
Educational psychology	5
Empire State Building	4
Freyr	5
Acapulco	0
David Letterman	4
Danny Kaye	4
Brigitte Bardot	4
EastEnders	11
Emil Kraepelin	3
Ira Gershwin	4
George Gershwin	4
Foreign relations of the Czech Republic	0
Diophantus	7
Colin Maclaurin	5
Baseball	4
Galileo (satellite navigation)	0
Gotthold Ephraim Lessing	5
Existentialism	5
Friends	4
Charlton Athletic F.C.	0
Dead Kennedys	4
Gotham City	4
Batman Returns	4
Batman	4
Dubbing (filmmaking)	0
Batman &amp; Robin (film)	4
Batman Forever	4
Danny Elfman	4
Hierarchy	1
Park Güell	0
Freemasonry	4
Horse	3
Bird	3
Emperor Yūryaku	1
Emperor Ninken	1
History of Africa	0
Elagabalus	5
Christian eschatology	2
Afonso V of Portugal	0
Fossil	3
Cetacea	2
Chondrichthyes	3
Abdera, Thrace	5
Hertfordshire	11
ACF Fiorentina	0
C*-algebra	5
Classical liberalism	5
Cy Young Award	4
Home run	4
Gunpowder Plot	11
Arlo Guthrie	4
IRIX	7
Greyhound	0
Ajanta Caves	0
Bessel function	7
Alexander Selkirk	11
Henry the Navigator	0
Flamsteed designation	3
Georges Braque	4
Grumman F-14 Tomcat	7
Alan Kay	7
Grammatical aspect	0
Delta (letter)	7
Béla Bartók	0
Celtic music	11
Edvard Grieg	11
Christian Church (Disciples of Christ)	2
Clay Mathematics Institute	4
Benedict of Nursia	2
European Free Trade Association	0
Cartography	0
Ferrari	4
Basic Role-Playing	11
Chaosium	11
Cadmium	3
Chromium	3
Beryllium	3
Georg Philipp Telemann	0
Decision problem	7
ELIZA	7
Eiffel (programming language)	7
ALGOL	7
Internet Relay Chat	7
Bjarne Stroustrup	7
Forth (programming language)	7
Ancient Egyptian religion	0
Heraclius	0
Bela Lugosi	11
Deutsches Institut für Normung	0
Candide	11
Ahmed III	0
Dorothy Parker	4
Bildungsroman	11
Ansgar	2
Order of Saint Benedict	2
Cyril of Alexandria	2
Bosphorus	0
Dejima	1
Augustin-Louis Cauchy	5
Austrian German	0
Drew Barrymore	4
Burt Lancaster	4
Fawlty Towers	4
Historical revisionism	4
List of country calling codes	0
Intergovernmental organization	0
Alfonso XII of Spain	9
Continuity (fiction)	5
Commonwealth	11
Federal Information Processing Standards	7
Advanced Micro Devices	7
Energy	3
HTTPS	7
Altruism	2
Blues	4
Double-slit experiment	3
André-Marie Ampère	3
Electron	3
Emperor Keitai	1
Cimabue	0
Christmas tree	2
Des Moines, Iowa	4
Atari Jaguar	7
Buddhist philosophy	0
Aung San Suu Kyi	0
Episcopal polity	2
Bishop	2
Civilization	0
List of islands of Greece	5
Cyclades	5
Battle of Marathon	5
Henry Purcell	11
Ethanol	3
Allophone	0
Galba	0
Gilles Deleuze	5
Actaeon	5
Horned God	5
Gardnerian Wicca	5
Gregory Chaitin	7
Artificial intelligence	7
Fast Fourier transform	7
Higher education	0
Commodore 1541	7
Acid	3
Catalysis	3
Coin	5
Emperor Ōjin	1
Infocom	7
Derry	11
County Mayo	11
Dewey Decimal Classification	4
Jacques-Louis David	4
Caravaggio	0
Edvard Munch	4
Fra Angelico	2
Harrison Schmitt	3
Apollo 15	3
Apollo 17	3
French Republican Calendar	4
Fiqh	0
Galileo (spacecraft)	3
RDX	11
Howard Hawks	4
Johann Gottlieb Fichte	5
Bishkek	0
Francis of Assisi	2
Antoninus Pius	0
Christian mythology	2
Filioque	2
History of Christianity	2
Byzantium	0
Cartesian coordinate system	5
Glenn T. Seaborg	3
Assembly language	7
Dalek	11
Central nervous system	3
George Washington Carver	4
Dunstan	11
Cemetery H culture	0
Heimskringla	5
Deccan Traps	3
Arithmetic mean	10
Classical period (music)	0
French horn	0
Accumulator (computing)	7
French Guinea	0
Genetically modified organism	3
Grammatical gender	0
Gothic fiction	11
Horace Walpole	11
BDSM	4
AIM-7 Sparrow	7
AIM-54 Phoenix	7
Islamic eschatology	2
Dan Simmons	5
Centaur	5
Agamemnon	5
Ajax (mythology)	5
Hiberno-English	11
Basques	0
Golden ratio	7
Felix Hausdorff	5
Hausdorff dimension	5
Camp David	4
Bob Wills	4
Board game	0
Björn Ulvaeus	0
John Tenniel	11
Grandmaster (chess)	0
Robert Koch	3
Immune system	3
Hydra (genus)	3
Emperor Sujin	1
Graphite	3
Constans	2
Epic poetry	11
Fernando Pessoa	5
High fantasy	11
Brittonic languages	11
Head of state	0
Secondary sector of the economy	0
Computer monitor	7
Ernest Thayer	4
Integrated circuit	7
List of islands	0
International Convention for the Regulation of Whaling	0
Biological membrane	3
Computer programming	7
Carbohydrate	3
Frankie Goes to Hollywood	4
Évariste Galois	7
Emily Brontë	11
Apollo 13	3
Enver Hoxha	0
I. M. Pei	4
Declaration of the Rights of Man and of the Citizen	4
Andrew II of Hungary	2
Gemstone	0
Arable land	11
Boudica	11
Enya	11
Gnaeus Julius Agricola	11
Chlorophyta	3
Cogito ergo sum	5
Æthelred the Unready	11
Creationism	2
Distributed computing	7
Copula (linguistics)	0
Cuauhtémoc	0
Dennis Hopper	4
Brian Aldiss	11
Countable set	5
André Gide	5
Rendering (computer graphics)	7
American Registry for Internet Numbers	0
Desiderius Erasmus	2
Holomorphic function	5
Frigate	0
Geiger counter	3
Exxon	7
Banda Islands	0
History of the Mediterranean region	0
Annales School	5
Canadian football	4
Backward compatibility	7
ColecoVision	7
Central Pacific Railroad	4
Bentley	11
FidoNet	7
Alaric II	0
Clive Barker	11
Associate Justice of the Supreme Court of the United States	4
Chapter 11, Title 11, United States Code	4
Enron	4
Gallipoli	0
Gallienus	0
Major League Baseball Most Valuable Player Award	4
Afonso III of Portugal	9
American League Championship Series	4
Houston Astros	4
Frederick III, Holy Roman Emperor	0
Emperor	0
Miami Marlins	4
Animation	7
Félix Guattari	5
Gustave Eiffel	4
Hosea	2
Ezra	2
Haggai	2
George Stephenson	11
Hydrophobe	3
Brass instrument	0
Garfield	7
ISO/IEC 8859	0
Differential geometry	5
Adobe Systems	7
Elias Canetti	0
Battle of Blenheim	0
Gorillaz	4
Enid Blyton	11
Act of Settlement 1701	11
`Abdu'l-Bahá	2
Eugene, Oregon	2
Ibn Battuta	0
Capetian dynasty	9
Hiragana	0
Balmoral Castle	11
Hirohito	1
Final Fantasy	7
Alcmene	5
Amstrad CPC	7
Decimal	7
Asexual reproduction	3
Apollo 14	3
Apollo 16	3
Apollo 12	3
Apollo 10	3
Extravehicular activity	3
Apollo 1	3
Apollo 9	3
Apollo 7	3
Ballroom dance	0
Hammond organ	4
Americium	3
Carlo Goldoni	4
ETA (separatist group)	0
Freyja	5
Armageddon	2
BBC Radio 1	4
Bakelite	0
First National Pictures	4
Yangtze	0
Gerald Gardner (Wiccan)	11
Devil	2
Hermetic Order of the Golden Dawn	5
Boiling point	3
Data General Nova	7
IBM mainframe	7
Archaeopteryx	3
Aromatic hydrocarbon	3
Immunology	3
Analytical chemistry	3
Euler's formula	5
Gene Kelly	4
Diophantine equation	7
Bézout's identity	7
Euclidean domain	7
Environmental Modification Convention	0
Commodore (rank)	0
Eschatology	2
Columbanus	2
Horror fiction	11
Intermolecular force	3
Ido (language)	0
John Ray	3
Exponential function	5
Impeachment	11
Alkene	3
Amine	3
House music	4
Burgess Shale	3
Aegisthus	5
Cassandra	5
Major League Baseball Rookie of the Year Award	4
General Packet Radio Service	7
National League Division Series	4
Bud Selig	4
ISO 3166	0
Glycine	3
Compact disc	4
Amino acid	3
Afonso I of Portugal	9
Conspiracy theory	3
Imperial Chemical Industries	11
Explosive material	3
Frederick I, Margrave of Brandenburg-Ansbach	0
Albert Frederick, Duke of Prussia	0
George, Margrave of Brandenburg-Ansbach	0
Cy Young	4
Fred Hoyle	3
Chiapas	0
Alan Garner	5
Intercalation (timekeeping)	0
IEEE 802	7
French Armed Forces	0
Christian Social Union in Bavaria	0
Edward Sapir	0
Array data structure	7
G protein	3
Galaxy	3
Claudio Monteverdi	0
